,Code,Country,urban_population,corruption_perception_index,gdp_per_capita,land_boundaries,coastline,num_border_countries,hospital_beds_per_1000,unemployment,political_regime,gini_index,population_density,poverty,median_age,land_area_sqkm
2,AGO,Angola,66.177,26.0,8274.543,5369.0,1600.0,4.0,0.75,16.497,electoral_autocracies,0.51263994,25.969065,31.122005,16.302,1246700.0
6,ARE,United Arab Emirates,86.789,71.0,68887.84,1066.0,1318.0,2.0,1.87,2.331,closed_autocracies,0.26399004,132.04527,0.0,30.834,71020.0
7,ARG,Argentina,91.991,45.0,26629.553,11968.0,4989.0,5.0,3.71,9.843,electoral_democracies,0.43314135,16.433529,1.6846492,30.763,2736690.0
13,AUS,Australia,86.124,77.0,56981.395,0.0,25760.0,0.0,3.84,5.159,liberal_democracies,0.34332561,3.312877,0.49709398,36.543,7692020.0
14,AUT,Austria,58.515,77.0,65312.023,2524.0,0.0,8.0,7.19,4.56,liberal_democracies,0.3021043,107.62088,0.6406389,42.433,82520.0
17,BEL,Belgium,98.041,75.0,61711.113,1297.0,66.5,4.0,5.56,5.364,liberal_democracies,0.27219546,379.47894,0.07855247,40.735,30494.0
18,BEN,Benin,47.861,41.0,3281.1047,2123.0,121.0,4.0,0.42,1.214,electoral_autocracies,0.37948644,112.86592,20.082186,17.331,112760.0
19,BFA,Burkina Faso,29.98,40.0,2391.5364,3611.0,0.0,6.0,0.2,4.71,electoral_democracies,0.43016732,76.615326,31.203825,16.444,273600.0
20,BGD,Bangladesh,37.405,26.0,6838.326,4413.0,580.0,2.0,0.88,4.441,electoral_autocracies,0.33373156,1266.9053,5.008496,24.38,130170.0
21,BGR,Bulgaria,75.347,43.0,27917.12,1806.0,354.0,5.0,7.66,4.23,electoral_democracies,0.40271127,64.254486,0.9236337,43.628,108560.0
24,BIH,Bosnia and Herzegovina,48.626,36.0,17269.283,1543.0,20.0,3.0,2.34,15.692,electoral_democracies,0.33030185,65.34246,0.23511446,43.292,51200.0
26,BLR,Belarus,79.044,45.0,26798.82,3599.0,0.0,5.0,9.69,4.165,electoral_autocracies,0.25277847,46.49132,0.0,39.288,202990.0
29,BOL,"Bolivia, Plurinational State of",69.773,31.0,9985.23,7252.0,0.0,5.0,1.26,3.682,closed_autocracies,0.416443,10.773918,1.9205352,23.8,1083300.0
30,BRA,Brazil,86.824,35.0,18018.621,16145.0,7491.0,10.0,2.24,11.936,electoral_democracies,0.5350931,24.820768,5.4092226,32.256,8358140.0
31,BRB,Barbados,31.158,62.0,18572.51,0.0,97.0,0.0,5.74,8.412,liberal_democracies,0.34068036,653.9907,1.6773976,37.921,430.0
35,BWA,Botswana,70.172,61.0,18106.018,4347.15,0.0,4.0,2.3,20.094,liberal_democracies,0.5332503,4.1149774,15.426243,22.105,566730.0
37,CAN,Canada,81.482,77.0,56713.09,8892.0,202080.0,2.0,2.53,5.69,liberal_democracies,0.31749648,4.299035,0.24863754,39.788,8788700.0
39,CHE,Switzerland,73.849,85.0,80315.68,1770.0,0.0,5.0,4.59,4.394,liberal_democracies,0.3399834,217.09964,0.017386846,41.582,39509.63
41,CHL,Chile,87.643,67.0,28228.5,7801.0,6435.0,3.0,2.04,7.493,electoral_democracies,0.4700476,25.819664,1.3415734,34.328,743532.0
43,CIV,Côte d'Ivoire,51.239,35.0,5894.879,3458.0,515.0,5.0,0.4,2.401,electoral_democracies,0.37168875,88.65728,11.502216,17.817,318000.0
44,CMR,Cameroon,56.968,25.0,4882.3555,5018.0,402.0,6.0,2.65,3.622,electoral_autocracies,0.42176074,53.957176,22.99222,17.374,472710.0
48,COL,Colombia,81.104,37.0,17652.896,6672.0,3208.0,5.0,1.74,10.28,electoral_democracies,0.5132595,44.982414,5.2847376,30.084,1109500.0
50,CPV,Cabo Verde,66.195,58.0,9111.63,0.0,965.0,0.0,1.97,12.128,electoral_democracies,0.42381087,127.57221,4.5642314,26.018,4030.0
51,CRI,Costa Rica,80.076,56.0,23646.408,661.0,1290.0,2.0,1.09,10.807,liberal_democracies,0.4818988,97.915215,1.0571395,32.014,51060.0
57,CZE,Czechia,73.921,56.0,49961.797,2046.0,0.0,4.0,6.66,2.015,liberal_democracies,0.25262198,136.74446,0.0,41.963,77171.73
58,DEU,Germany,77.376,80.0,63392.95,3694.0,2389.0,9.0,7.91,3.163,liberal_democracies,0.31780925,239.15735,0.24957946,44.904,349360.0
61,DNK,Denmark,87.994,87.0,67179.125,141.0,7314.0,2.0,2.6,5.018,liberal_democracies,0.27723306,145.36548,0.25140718,40.993,40000.0
62,DOM,Dominican Republic,81.828,28.0,21363.861,376.0,1288.0,1.0,1.25,6.356,electoral_democracies,0.41917086,229.19868,0.83268654,26.388,48198.02
64,ECU,Ecuador,63.986,38.0,13853.421,2237.0,2237.0,2.0,1.39,3.812,electoral_democracies,0.45709932,69.81808,3.5835843,26.856,248360.0
65,EGY,Egypt,42.73,35.0,15026.568,2612.0,2450.0,4.0,1.22,7.851,electoral_autocracies,0.31893092,108.04476,1.4670148,23.328,995450.0
68,ESP,Spain,80.565,62.0,46682.477,1952.7,4964.0,5.0,2.95,14.104,liberal_democracies,0.34303716,94.92088,0.79381347,43.138,499713.7
69,EST,Estonia,69.051,74.0,43435.2,657.0,3794.0,2.0,4.53,4.514,liberal_democracies,0.30765438,31.036749,0.5569404,41.213,42730.0
71,FIN,Finland,85.446,86.0,57451.63,2563.0,1250.0,3.0,3.35,6.695,liberal_democracies,0.27737123,18.166794,0.03882923,41.974,303947.7
74,FRA,France,80.709,69.0,54856.867,3956.0,4853.0,8.0,6.1,8.415,liberal_democracies,0.31199563,120.04131,0.051448993,41.08,547557.0
77,GAB,Gabon,89.741,31.0,19491.406,3261.0,885.0,3.0,2.0,20.358,electoral_autocracies,0.38024372,8.800831,2.468642,21.459,257670.0
78,GBR,United Kingdom of Great Britain and Northern Ireland,83.652,77.0,54440.105,499.0,12429.0,1.0,2.45,3.613,liberal_democracies,0.32824126,277.39825,0.49803847,39.091,241930.0
79,GEO,Georgia,59.039,56.0,18186.88,1814.0,310.0,4.0,4.64,11.565,electoral_democracies,0.35900706,54.63694,4.8486285,36.329,69490.0
81,GHA,Ghana,56.707,41.0,6508.2466,2420.0,539.0,3.0,0.69,3.16,electoral_democracies,0.43512443,137.38202,25.208553,20.25,227533.0
87,GRC,Greece,79.388,48.0,33549.066,1110.0,13676.0,4.0,4.24,17.045,liberal_democracies,0.33101925,83.15423,0.6895518,44.005,128900.0
90,GTM,Guatemala,51.439,26.0,11470.364,1667.0,400.0,4.0,0.47,2.193,electoral_democracies,0.4827621,159.60995,9.521302,21.215,107160.0
96,HND,Honduras,57.73,26.0,6264.019,1575.0,823.0,3.0,0.65,5.698,electoral_autocracies,0.48162824,88.86976,12.742991,22.245,111890.0
97,HRV,Croatia,57.242,47.0,35107.934,2237.0,5835.0,5.0,5.58,6.617,electoral_democracies,0.28908294,71.23549,0.25992584,43.952,55960.0
98,HTI,Haiti,56.192,18.0,3381.5847,376.0,1771.0,1.0,4.87,14.057,electoral_autocracies,0.60450804,402.945,65.09744,22.507,27560.0
99,HUN,Hungary,71.644,44.0,37557.926,2106.0,0.0,7.0,6.91,3.419,electoral_autocracies,0.29950473,107.060555,0.30170247,42.118,91260.0
100,IDN,Indonesia,55.985,40.0,12757.785,2959.0,54716.0,3.0,1.18,3.59,electoral_democracies,0.35359862,143.9796,3.3554103,28.891,1892555.5
102,IND,India,34.472,41.0,7930.0913,13888.0,700.0,6.0,1.63,6.51,electoral_autocracies,0.33812764,467.18518,13.204494,26.668,2973190.0
104,IRL,Ireland,63.405,74.0,96701.664,490.0,1448.0,1.0,2.9,4.95,liberal_democracies,0.308315,71.61404,0.058011558,36.883,68890.0
106,IRQ,Iraq,70.678,20.0,14910.225,3809.0,58.0,6.0,1.2,14.109,electoral_autocracies,0.29541856,94.88486,0.5591268,19.363,434128.0
108,ISR,Israel,92.501,60.0,44419.97,1068.0,273.0,6.0,3.12,3.731,liberal_democracies,0.3828222,400.06775,0.725289,28.935,22070.0
109,ITA,Italy,70.736,53.0,50328.594,1836.4,7600.0,6.0,3.16,9.951,liberal_democracies,0.34583586,203.33676,0.9943459,45.998,295720.0
110,JAM,Jamaica,55.985,43.0,10216.065,0.0,1022.0,0.0,1.73,4.987,liberal_democracies,0.3563868,260.69022,0.05606334,29.746,10830.0
112,JOR,Jordan,91.203,48.0,9288.527,1744.0,26.0,5.0,1.36,16.801,closed_autocracies,0.3365573,120.18709,0.10412249,22.906,88794.0
113,JPN,Japan,91.698,73.0,44976.508,0.0,29751.0,0.0,12.88,2.351,liberal_democracies,0.32984936,347.59787,1.2214445,47.262,364500.0
114,KAZ,Kazakhstan,57.54,34.0,33298.21,13364.0,0.0,5.0,5.13,4.8,electoral_autocracies,0.27968282,7.115442,0.016059816,29.063,2699700.0
115,KEN,Kenya,27.507,28.0,5171.7124,3457.0,536.0,5.0,1.33,5.014,electoral_autocracies,0.36246458,89.96526,35.03161,18.541,569140.0
116,KGZ,Kyrgyzstan,36.591,30.0,6087.602,4573.0,0.0,4.0,4.2,4.295,electoral_autocracies,0.2970068,33.85837,0.65906364,24.47,191800.0
120,KOR,"Korea, Republic of",81.43,59.0,46903.84,237.0,2413.0,1.0,12.42,3.746,liberal_democracies,0.33196163,530.4082,0.0,42.184,97600.0
122,LAO,Lao People's Democratic Republic,35.645,29.0,8075.275,5274.0,0.0,5.0,1.69,2.537,closed_autocracies,0.38802433,31.3589,7.1383624,23.087,230800.0
123,LBN,Lebanon,88.758,28.0,15659.566,484.0,225.0,2.0,2.73,11.301,electoral_autocracies,0.3183245,566.43207,5.89,27.946,10230.0
128,LKA,Sri Lanka,18.585,38.0,14637.444,0.0,1340.0,0.0,4.0,4.67,electoral_democracies,0.37663776,362.27856,0.95861256,31.816,61860.0
130,LTU,Lithuania,67.855,60.0,43868.605,1545.0,90.0,4.0,6.22,6.255,electoral_democracies,0.35251358,44.64234,0.54792964,43.14,62604.0
131,LUX,Luxembourg,91.223,80.0,134105.64,327.0,0.0,3.0,4.26,5.592,liberal_democracies,0.34241158,240.89166,0.101187475,38.484,2574.46
132,LVA,Latvia,68.222,56.0,33959.92,1370.0,498.0,4.0,5.42,6.312,liberal_democracies,0.34489113,30.76116,0.2391008,42.639,62230.0
135,MAR,Morocco,62.994,41.0,8768.176,3523.5,2945.0,3.0,0.7,9.194,closed_autocracies,0.39548507,81.135796,3.675868,27.874,446300.0
137,MDA,"Moldova, Republic of",42.726,32.0,14621.24,1885.0,0.0,2.0,5.8,1.466,electoral_democracies,0.26016647,94.405914,0.02864514,36.459,32890.0
140,MEX,Mexico,80.444,29.0,21964.354,4389.0,9330.0,3.0,0.97,3.477,electoral_democracies,0.44594344,64.69455,2.1319396,27.616,1943950.0
143,MLI,Mali,43.136,29.0,2451.122,7908.0,0.0,6.0,0.25,3.29,electoral_autocracies,0.3596336,17.266497,15.218806,15.021,1220190.0
144,MLT,Malta,94.678,54.0,54667.383,0.0,196.8,0.0,4.11,3.616,electoral_democracies,0.31041777,1575.0531,0.30468178,38.893,320.0
145,MMR,Myanmar,30.852,29.0,6562.989,6522.0,1930.0,5.0,1.04,0.407,electoral_autocracies,0.3069687,80.65442,1.9911567,28.445,652670.0
147,MNG,Mongolia,68.543,35.0,15790.696,8082.0,0.0,2.0,7.94,9.269,electoral_democracies,0.3274099,2.0751874,0.7115856,26.334,1557506.8
149,MOZ,Mozambique,36.528,26.0,1528.8899,4783.0,2470.0,6.0,0.71,3.646,electoral_autocracies,0.50274074,38.00246,74.52835,16.07,786380.0
152,MUS,Mauritius,40.766,52.0,25739.355,0.0,177.0,0.0,3.63,6.331,electoral_democracies,0.36761206,644.10065,0.12531371,35.594,1997.0
154,MYS,Malaysia,76.607,53.0,31300.508,2742.0,4675.0,3.0,1.94,3.26,electoral_autocracies,0.41176775,101.78234,0.01102865,28.175,328550.0
155,NAM,Namibia,51.042,52.0,10813.305,4220.0,1572.0,4.0,2.7,19.921,electoral_democracies,0.5906661,3.2194002,15.617013,20.733,823290.0
157,NER,Niger,16.517,32.0,1612.6373,5834.0,0.0,7.0,0.29,0.531,electoral_democracies,0.37259424,18.11618,50.905937,14.699,1266700.0
159,NGA,Nigeria,51.157,26.0,5628.1777,4477.0,853.0,4.0,0.5,5.206,electoral_democracies,0.35127744,230.00937,30.863297,17.053,910770.0
160,NIC,Nicaragua,58.76,22.0,6701.1943,1253.0,910.0,2.0,0.96,5.472,electoral_autocracies,0.46156293,53.877846,3.9410286,23.98,120340.0
162,NLD,Netherlands,91.876,82.0,68589.68,1053.0,451.0,2.0,3.02,3.379,liberal_democracies,0.29248324,520.86444,0.0957287,41.489,33670.0
163,NOR,Norway,82.616,84.0,87947.55,2566.0,25148.0,3.0,3.47,3.684,liberal_democracies,0.2774182,14.68069,0.15653396,38.797,364270.0
164,NPL,Nepal,20.153,34.0,4607.5244,3159.0,0.0,2.0,0.29,10.389,electoral_democracies,0.30020264,198.21461,0.36659858,22.663,143350.0
170,PAK,Pakistan,36.907,32.0,5295.953,7257.0,1046.0,4.0,0.51,4.83,electoral_autocracies,0.29589266,299.39926,4.932448,19.652,770880.0
171,PAN,Panama,68.059,36.0,33163.727,687.0,2490.0,2.0,1.94,6.256,electoral_democracies,0.49837545,57.086803,1.0040996,28.361,74180.0
173,PER,Peru,78.099,36.0,15466.295,7062.0,2414.0,5.0,1.58,3.379,electoral_democracies,0.4152813,25.351017,2.9770849,28.221,1280000.0
174,PHL,Philippines,47.149,34.0,9452.294,0.0,36289.0,0.0,0.98,2.237,electoral_autocracies,0.37811705,371.6158,5.057057,23.689,298170.0
176,PNG,Papua New Guinea,13.25,28.0,4301.6113,824.0,5152.0,1.0,0.17,2.634,electoral_autocracies,0.4185041,21.21851,52.21029,21.543,452860.0
177,POL,Poland,60.037,58.0,38846.504,2865.0,440.0,6.0,6.09,3.267,electoral_democracies,0.28760177,124.88038,0.06276072,39.742,306090.0
180,PRT,Portugal,65.764,62.0,40400.805,1224.0,1793.0,1.0,3.51,6.464,liberal_democracies,0.32762748,112.910324,0.14872062,44.604,91605.6
181,PRY,Paraguay,61.879,28.0,15321.324,4655.0,0.0,3.0,0.9,6.595,electoral_democracies,0.45650637,16.398338,1.0115106,25.215,396012.03
184,QAT,Qatar,99.188,62.0,113160.98,87.0,563.0,1.0,1.12,0.1,closed_autocracies,0.35128385,243.50975,0.0,31.206,11490.0
185,ROU,Romania,54.084,44.0,36964.258,2844.0,225.0,5.0,7.0,3.912,electoral_democracies,0.34800515,84.759834,2.1640766,41.628,230080.0
186,RUS,Russian Federation,74.587,28.0,37698.953,22407.0,37653.0,14.0,7.07,4.513,electoral_autocracies,0.37736863,8.947562,0.030398078,38.441,16376870.0
187,RWA,Rwanda,17.313,53.0,2665.1868,930.0,0.0,4.0,0.72,11.236,electoral_autocracies,0.43709454,517.8802,52.005394,18.742,24670.0
190,SEN,Senegal,47.653,45.0,4070.6123,2684.0,531.0,5.0,0.73,2.863,electoral_democracies,0.38314784,84.93703,9.222566,18.16,192530.0
197,SLV,El Salvador,72.746,34.0,10543.938,590.0,307.0,2.0,1.06,4.17,electoral_democracies,0.38778764,300.30484,1.4019152,25.293,20720.0
201,SRB,Serbia,56.26,39.0,21782.447,2322.0,0.0,8.0,5.34,10.395,electoral_autocracies,0.34475464,82.841644,2.3344426,43.166,84090.0
205,SVK,Slovakia,53.729,50.0,37273.133,1587.0,0.0,5.0,5.76,5.761,electoral_democracies,0.23232324,113.36577,0.11811627,39.805,48080.0
206,SVN,Slovenia,54.822,60.0,44930.54,1211.0,46.6,4.0,4.38,4.446,liberal_democracies,0.24384232,103.466156,0.0,42.973,20136.4
207,SWE,Sweden,87.708,85.0,61615.992,2211.0,3218.0,2.0,2.07,6.833,liberal_democracies,0.2930465,25.238245,0.3165186,39.529,407280.0
214,TGO,Togo,42.248,29.0,2501.0308,1880.0,56.0,3.0,0.58,2.036,electoral_autocracies,0.42534238,155.5997,28.434795,18.409,54390.0
215,THA,Thailand,50.692,36.0,21277.082,5673.0,3219.0,4.0,2.22,0.716,closed_autocracies,0.34855723,139.99542,0.0950376,37.714,510890.0
216,TJK,Tajikistan,27.309,25.0,3649.8838,4130.0,0.0,4.0,4.35,11.419,electoral_autocracies,0.3399559,68.66468,6.114529,21.276,138790.0
223,TUR,Türkiye,75.63,39.0,28400.7,2816.0,7200.0,8.0,2.84,13.73,electoral_autocracies,0.4383382,110.90741,0.45154127,30.825,769630.0
226,TZA,"Tanzania, United Republic of",34.5,37.0,3484.6326,4161.0,1424.0,8.0,0.61,2.496,electoral_autocracies,0.4049123,66.803894,44.94932,16.834,885800.0
227,UGA,Uganda,24.361,28.0,2689.4102,2729.0,0.0,5.0,0.5,3.06,electoral_autocracies,0.42702642,214.44063,42.11563,15.691,200520.0
228,UKR,Ukraine,69.473,30.0,17636.555,5581.0,2782.0,6.0,6.67,8.194,electoral_democracies,0.26619467,77.59312,0.0,40.481,579400.0
230,URY,Uruguay,95.426,71.0,30108.074,1591.0,660.0,2.0,2.47,8.836,liberal_democracies,0.3967629,19.410381,0.102072,34.761,175020.0
231,USA,United States of America,82.459,69.0,69511.766,12002.0,19924.0,2.0,2.75,3.669,liberal_democracies,0.41533518,36.92736,0.99917054,37.002,9147420.0
243,YEM,Yemen,37.273,15.0,623.4,1601.0,1906.0,2.0,0.71,17.202,closed_autocracies,0.36707094,66.50268,19.802757,18.017,527970.0
244,ZAF,South Africa,66.856,44.0,14370.238,5244.0,2798.0,6.0,2.3,28.468,electoral_democracies,0.630258,49.120743,20.492558,26.873,1213090.0
245,ZMB,Zambia,44.072,34.0,3591.5642,6043.15,0.0,8.0,2.0,5.542,electoral_autocracies,0.51483124,24.904613,64.349754,16.763,743390.0
246,ZWE,Zimbabwe,32.21,24.0,3294.8062,3229.0,0.0,4.0,2.0,7.373,electoral_autocracies,0.5025645,39.476223,39.75453,17.187,386850.0
